{
  "r": 0.03526398143992196,
  "alpha": 6.761056378817459,
  "a": 0.5015829208403754,
  "b": 0.20943229020517853
}