{
  "p": 4.081664320512658,
  "q": 0.43483558734109745,
  "v": 3.8699695453012266
}